City_ID,City,Country,Lat,Lng,Max Temp,Humidity,Cloudiness,Wind Speed,Current Description
0,Mataura,NZ,-46.1927,168.8643,52.48,96,100,1.88,light rain
1,Butaritari,KI,3.0707,172.7902,80.02,80,54,11.41,moderate rain
2,Georgetown,MY,5.4112,100.3354,82.33,88,20,2.3,few clouds
3,Churapcha,RU,62.0025,132.4325,-23.58,100,100,2.35,overcast clouds
4,Longyearbyen,SJ,78.2186,15.6401,17.44,67,0,3.44,clear sky
5,Jamestown,US,42.097,-79.2353,31.08,55,100,12.66,light snow
6,Komsomolskiy,UZ,40.4272,71.7189,35.02,86,4,6.91,mist
7,Ushuaia,AR,-54.8,-68.3,47.82,61,75,14.97,broken clouds
8,Isangel,VU,-19.55,169.2667,79.11,87,100,6.29,overcast clouds
9,Hermanus,ZA,-34.4187,19.2345,65.89,76,49,10.16,scattered clouds
10,Jalu,LY,29.0331,21.5482,55.15,56,41,19.53,scattered clouds
11,Vostok,RU,46.4856,135.8833,-11.2,99,100,4.27,overcast clouds
12,Mar Del Plata,AR,-38.0023,-57.5575,73.87,83,0,4.61,light rain
13,Fethiye,TR,36.6217,29.1164,46.27,77,98,4.99,overcast clouds
14,Rikitea,PF,-23.1203,-134.9692,77.36,77,100,14.41,light rain
15,Hobart,AU,-42.8794,147.3294,48.06,85,14,9.22,few clouds
16,Albany,US,42.6001,-73.9662,44.55,87,100,1.79,overcast clouds
17,Provideniya,RU,64.3833,-173.3,1.26,68,40,21.74,scattered clouds
18,Vaini,TO,-21.2,-175.2,71.76,100,20,2.3,few clouds
19,Kununurra,AU,-15.7667,128.7333,78.78,100,100,3.44,overcast clouds
20,Flinders,AU,-34.5833,150.8552,62.2,77,92,12.35,light rain
21,New Norfolk,AU,-42.7826,147.0587,47.71,72,9,2.64,clear sky
22,Kapaa,US,22.0752,-159.319,71.92,77,20,11.5,few clouds
23,Atuona,PF,-9.8,-139.0333,78.35,70,24,17.74,few clouds
24,Port Blair,IN,11.6667,92.75,75.67,76,34,7.63,scattered clouds
25,Northam,GB,51.0333,-4.2167,50.02,91,88,15.61,overcast clouds
26,Arraial Do Cabo,BR,-22.9661,-42.0278,80.56,78,75,10.36,broken clouds
27,Oruro,BO,-17.9833,-67.15,48.69,81,100,11.5,overcast clouds
28,Galway,IE,53.2719,-9.0489,51.75,90,100,15.41,moderate rain
29,Tiksi,RU,71.6872,128.8694,-10.05,100,100,2.64,overcast clouds
30,Borogontsy,RU,62.6683,131.1683,-25.44,100,100,2.17,overcast clouds
31,Yellowknife,CA,62.456,-114.3525,-24.59,75,0,8.05,clear sky
32,Coquimbo,CL,-29.9533,-71.3436,68.79,69,39,8.55,scattered clouds
33,Tromso,NO,69.6496,18.957,16.45,67,0,2.3,clear sky
34,Pisco,PE,-13.7,-76.2167,74.01,78,0,8.05,clear sky
35,Zhezkazgan,KZ,47.8043,67.7144,4.33,86,6,7.45,clear sky
36,Busselton,AU,-33.65,115.3333,79.05,42,63,8.7,broken clouds
37,Kavieng,PG,-2.5744,150.7967,80.26,80,100,5.82,light rain
38,Bethel,US,41.3712,-73.414,44.08,100,100,1.19,light rain
39,Hami,CN,42.8,93.45,24.67,35,35,2.55,scattered clouds
40,Rokiskis,LT,55.9667,25.5833,14.9,98,50,3.56,scattered clouds
41,Punta Arenas,CL,-53.15,-70.9167,51.82,53,0,9.22,clear sky
42,Bredasdorp,ZA,-34.5322,20.0403,64.27,68,56,16.11,broken clouds
43,Rampur,IN,28.8167,79.0333,53.47,90,86,15.28,overcast clouds
44,Dafeng,CN,23.4517,108.5881,47.44,81,31,4.9,scattered clouds
45,Tiznit,MA,29.5833,-9.5,66.47,34,82,3.89,broken clouds
46,Hambantota,LK,6.1241,81.1185,75.54,100,20,4.61,few clouds
47,Tezu,IN,27.9167,96.1667,53.94,65,69,4.65,broken clouds
48,Cape Town,ZA,-33.9258,18.4232,68.09,63,40,1.99,scattered clouds
49,Iralaya,HN,15.0,-83.2333,80.69,84,63,8.77,broken clouds
50,Agadez,NE,19.75,10.25,57.83,18,0,7.25,clear sky
51,Saint George,US,37.1041,-113.5841,40.95,23,0,4.0,clear sky
52,Iguape,BR,-24.7081,-47.5553,80.29,78,29,11.88,scattered clouds
53,Lompoc,US,34.6391,-120.4579,64.56,45,0,0.0,clear sky
54,Souillac,MU,-20.5167,57.5167,80.98,89,75,25.32,light rain
55,San Policarpo,PH,12.1791,125.5072,79.83,86,95,15.59,heavy intensity rain
56,Shenxian,CN,36.2411,115.6672,32.45,45,73,6.49,broken clouds
57,Lavrentiya,RU,65.5833,-171.0,-1.75,63,3,24.18,clear sky
58,Kulu,TR,39.0951,33.0799,34.61,92,100,2.28,overcast clouds
59,Kaitangata,NZ,-46.2817,169.8464,48.96,94,100,3.67,moderate rain
60,Klaksvik,FO,62.2266,-6.589,38.32,69,75,42.73,broken clouds
61,Dingle,PH,10.9995,122.6711,75.09,94,79,8.3,broken clouds
62,Mbandaka,CD,0.0487,18.2603,77.25,50,42,5.26,scattered clouds
63,Tucumcari,US,35.1717,-103.725,17.94,67,100,6.91,overcast clouds
64,Linqiong,CN,30.4159,103.4609,42.62,78,100,2.44,overcast clouds
65,Sawakin,SD,19.1059,37.3321,77.58,87,83,5.12,broken clouds
66,Bengkulu,ID,-3.8004,102.2655,76.17,91,100,5.3,overcast clouds
67,Chokurdakh,RU,70.6333,147.9167,-27.67,99,79,2.77,broken clouds
68,Gaomi,CN,36.3833,119.7528,24.58,51,30,5.26,scattered clouds
69,Apatou,GF,5.155,-54.3472,78.78,91,84,4.99,broken clouds
70,Severnyy,RU,50.677,36.5532,28.44,100,100,4.47,mist
71,Tuatapere,NZ,-46.1333,167.6833,51.82,92,100,2.98,light rain
72,Vrises,GR,35.492,23.8899,49.19,79,100,23.69,overcast clouds
73,Freeport,US,40.6576,-73.5832,46.04,89,100,1.99,light rain
74,Novikovo,RU,51.1537,37.8879,27.88,98,100,4.61,snow
75,Katsuura,JP,35.1333,140.3,42.19,61,97,13.62,overcast clouds
76,Portland,US,45.5234,-122.6762,47.25,92,100,1.99,light intensity drizzle
77,Bouguenais,FR,47.1776,-1.6214,48.18,92,100,5.75,overcast clouds
78,Dikson,RU,73.5069,80.5464,-16.28,100,94,5.77,overcast clouds
79,Antofagasta,CL,-23.65,-70.4,71.22,62,5,11.39,clear sky
80,Tieling,CN,42.2931,123.8414,9.75,57,0,7.23,clear sky
81,Sao Mateus,BR,-18.7161,-39.8589,80.55,82,94,5.1,overcast clouds
82,Wainwright,CA,52.839,-110.8572,-7.69,92,100,11.43,overcast clouds
83,Padang,ID,-0.9492,100.3543,75.25,92,100,2.64,overcast clouds
84,Kinkala,CG,-4.3614,14.7644,79.11,97,96,3.0,light rain
85,Praxedis Guerrero,MX,31.3667,-106.0167,30.29,62,99,9.91,overcast clouds
86,Alta Floresta,BR,-9.8756,-56.0861,89.42,58,40,4.61,scattered clouds
87,Jurado,CO,7.1053,-77.7641,82.42,71,53,6.49,broken clouds
88,Novyy Urengoy,RU,66.0833,76.6333,7.66,96,100,3.89,overcast clouds
89,Boulder City,US,35.9786,-114.8325,45.75,16,0,13.8,clear sky
90,Thompson,CA,55.7435,-97.8558,-16.44,63,40,8.05,scattered clouds
91,Fasa,IR,28.9383,53.6482,42.04,70,0,4.61,clear sky
92,Los Llanos De Aridane,ES,28.6585,-17.9182,67.12,75,20,2.3,few clouds
93,Kastamonu,TR,41.5,33.6667,34.16,98,100,4.03,snow
94,Coruripe,BR,-10.1256,-36.1756,85.17,56,100,13.09,light rain
95,Poum,NC,-20.2333,164.0167,81.32,83,98,13.67,overcast clouds
96,Nome,US,64.5011,-165.4064,5.16,57,0,33.38,clear sky
97,Tateyama,JP,34.9833,139.8667,42.1,56,100,12.71,overcast clouds
98,Camana,PE,-16.6228,-72.7111,75.13,70,73,9.95,broken clouds
99,East London,ZA,-33.0153,27.9116,68.94,94,40,6.91,scattered clouds
100,Unidos,PH,8.5942,123.668,76.62,89,99,8.3,overcast clouds
101,Vila Velha,BR,-20.3297,-40.2925,77.95,89,75,1.99,broken clouds
102,Laktasi,BA,44.9081,17.3008,35.46,75,0,5.75,clear sky
103,Barrow,US,71.2906,-156.7887,-23.78,76,0,0.0,haze
104,Cockburn Town,TC,21.4612,-71.1419,75.42,76,4,23.24,clear sky
105,Molo,KE,-0.2479,35.7374,52.54,86,100,3.71,overcast clouds
106,Avarua,CK,-21.2078,-159.775,80.65,83,75,14.97,broken clouds
107,Bassar,TG,9.25,0.7833,89.6,12,3,1.88,clear sky
108,Tucuman,AR,-26.8241,-65.2226,82.4,65,75,10.36,broken clouds
109,Tura,IN,25.5198,90.2201,61.5,54,35,5.41,scattered clouds
110,Acari,PE,-15.4311,-74.6158,82.74,52,40,12.66,scattered clouds
111,Mahebourg,MU,-20.4081,57.7,80.89,89,75,25.32,broken clouds
112,Cabo San Lucas,MX,22.8909,-109.9124,73.71,56,20,6.91,few clouds
113,Avera,US,33.194,-82.5271,74.71,59,100,17.4,overcast clouds
114,Sitka,US,57.0531,-135.33,37.29,93,100,6.91,mist
115,Wawa,NG,9.9022,4.4192,84.94,17,7,3.91,clear sky
116,Kinarut,MY,5.8231,116.0466,77.02,94,20,4.61,few clouds
117,Kourou,GF,5.1552,-52.6478,78.85,83,46,9.86,moderate rain
118,Abha,SA,18.2164,42.5053,58.82,88,0,4.61,clear sky
119,Rio Grande,BR,-32.035,-52.0986,93.31,61,4,12.19,clear sky
120,Shimoda,JP,34.6667,138.95,37.11,58,99,7.67,overcast clouds
121,Ponta Do Sol,PT,32.6667,-17.1,68.0,73,82,7.49,broken clouds
122,Port Augusta,AU,-32.5,137.7667,60.94,59,0,8.81,clear sky
123,Goundam,ML,16.4145,-3.6708,79.86,7,73,9.4,broken clouds
124,Nikolskoye,RU,59.7035,30.7861,6.69,100,88,1.57,overcast clouds
125,Iqaluit,CA,63.7506,-68.5145,-9.31,63,100,8.99,light snow
126,Esperance,AU,-33.8667,121.9,62.44,76,1,18.12,clear sky
127,Bay Roberts,CA,47.5999,-53.2648,36.14,74,93,13.0,overcast clouds
128,Kuruman,ZA,-27.4524,23.4325,72.0,61,45,11.39,scattered clouds
129,Hrymayliv,UA,49.3321,26.0111,17.73,97,37,5.84,scattered clouds
130,La Palma,US,33.8464,-118.0467,65.91,23,0,4.0,clear sky
131,Dzaoudzi,YT,-12.7887,45.2699,84.09,79,20,4.61,few clouds
132,Carnarvon,AU,-24.8667,113.6333,80.67,78,1,8.05,clear sky
133,Troitsko-Pechorsk,RU,62.7084,56.1964,12.52,98,100,3.56,overcast clouds
134,Puerto Ayora,EC,-0.7393,-90.3518,82.36,85,10,5.99,clear sky
135,Jacareacanga,BR,-6.2222,-57.7528,90.34,51,97,3.78,overcast clouds
136,Upernavik,GL,72.7868,-56.1549,-4.22,66,100,4.9,overcast clouds
137,Cidreira,BR,-30.1811,-50.2056,81.23,72,14,16.04,few clouds
138,Orlik,RU,52.5178,99.825,-14.4,93,97,2.15,overcast clouds
139,Kahului,US,20.8947,-156.47,73.85,76,20,3.44,few clouds
140,Valdivia,CL,-39.8142,-73.2459,74.35,53,100,5.3,overcast clouds
141,Igarka,RU,67.4667,86.5833,-15.45,99,47,7.34,scattered clouds
142,Vakhtan,RU,57.9659,46.6889,3.34,100,96,2.28,overcast clouds
143,Lorengau,PG,-2.0226,147.2712,79.18,78,100,5.68,light rain
144,Arkadelphia,US,34.1209,-93.0538,31.59,93,100,12.66,light snow
145,Imbituba,BR,-28.24,-48.6703,85.89,67,16,21.52,few clouds
146,Bambous Virieux,MU,-20.3428,57.7575,80.85,89,75,25.32,moderate rain
147,Laukaa,RU,58.7372,29.8453,11.77,98,97,2.15,overcast clouds
148,Obihiro,JP,42.9172,143.2044,7.59,89,20,4.14,few clouds
149,Berlevag,NO,70.8578,29.0864,22.95,74,75,6.91,light snow
150,Leningradskiy,RU,69.3833,178.4167,-12.91,85,22,9.01,few clouds
151,Vardo,NO,70.3705,31.1107,22.98,86,75,10.36,light snow
152,Hilo,US,19.7297,-155.09,72.39,69,40,8.05,scattered clouds
153,Port Hawkesbury,CA,45.6169,-61.3485,46.0,98,100,8.01,mist
154,Kodiak,US,57.79,-152.4072,38.71,93,100,17.27,light rain
155,Nanortalik,GL,60.1432,-45.2371,29.86,69,100,17.16,light snow
156,Kelo,TD,9.3086,15.8066,79.57,13,6,5.73,clear sky
157,Chuy,UY,-33.6971,-53.4616,86.58,56,47,9.93,scattered clouds
158,Qaqortoq,GL,60.7167,-46.0333,23.5,94,100,17.07,light snow
159,Svetlogorsk,BY,52.6333,29.7333,21.11,94,100,8.61,overcast clouds
160,Yerbogachen,RU,61.2767,108.0108,-2.07,100,96,2.73,overcast clouds
161,Victoria,HK,22.2855,114.1577,56.32,81,100,1.01,overcast clouds
162,Pachino,IT,36.7186,15.0907,46.44,58,0,11.5,clear sky
163,Yar-Sale,RU,66.8333,70.8333,-15.97,100,52,5.77,broken clouds
164,Micheweni,TZ,-4.9667,39.8333,80.82,82,100,15.46,overcast clouds
165,Hovd,MN,48.0056,91.6419,-8.75,91,79,3.31,broken clouds
166,Fortuna,US,40.5982,-124.1573,49.93,82,75,1.99,broken clouds
167,Sao Filipe,CV,14.8961,-24.4956,75.2,68,0,7.65,clear sky
168,Sao Jose De Ribamar,BR,-2.5619,-44.0542,88.18,73,80,11.18,broken clouds
169,Tallahassee,US,30.4383,-84.2807,77.47,77,100,5.01,overcast clouds
170,Tomatlan,MX,19.9333,-105.25,82.44,33,18,5.7,few clouds
171,Saint-Augustin,CA,51.226,-58.6502,33.51,99,100,18.97,light snow
172,Muravlenko,RU,63.7898,74.523,11.84,97,94,9.15,overcast clouds
173,Tasiilaq,GL,65.6145,-37.6368,14.16,58,56,7.31,broken clouds
174,Uptar,RU,59.75,150.9167,-5.53,74,85,9.01,overcast clouds
175,Guerrero Negro,MX,27.9769,-114.0611,57.96,28,0,2.17,clear sky
176,Linxia,CN,35.6003,103.2064,16.97,80,82,2.53,broken clouds
177,Itupeva,BR,-23.1531,-47.0578,82.13,61,40,2.3,scattered clouds
178,Udachnyy,RU,66.4167,112.4,-26.07,100,95,2.04,overcast clouds
179,Qaanaaq,GL,77.484,-69.3632,-14.4,64,92,8.12,overcast clouds
180,Baoqing,CN,46.3317,132.2111,-7.26,94,82,5.41,broken clouds
181,Jiancheng,CN,30.391,104.5491,43.81,78,99,3.11,overcast clouds
182,Te Anau,NZ,-45.4167,167.7167,47.25,97,100,3.56,moderate rain
183,Hirara,JP,24.8,125.2833,68.43,76,96,19.28,overcast clouds
184,Tuktoyaktuk,CA,69.4541,-133.0374,-18.4,76,75,9.22,light snow
185,Ennis,IE,52.8436,-8.9864,52.07,87,75,19.57,moderate rain
186,Ahipara,NZ,-35.1667,173.1667,69.57,90,88,12.57,overcast clouds
187,Ios,GR,36.7333,25.2833,51.04,52,100,32.01,overcast clouds
188,Port Alfred,ZA,-33.5906,26.891,72.46,80,86,17.2,overcast clouds
189,Kapuskasing,CA,49.4169,-82.4331,-7.51,49,0,4.61,clear sky
190,Saskylakh,RU,71.9167,114.0833,-23.58,99,100,1.23,overcast clouds
191,La Ronge,CA,55.1001,-105.2842,-21.75,57,40,5.75,scattered clouds
192,Pudozh,RU,61.8099,36.5345,-4.7,100,96,0.96,overcast clouds
193,Hun,LY,29.1268,15.9477,56.68,46,5,9.31,clear sky
194,Fulnek,CZ,49.7124,17.9032,39.25,60,0,12.66,clear sky
195,Sorong,ID,-0.8833,131.25,80.42,78,100,4.5,overcast clouds
196,Calvinia,ZA,-31.4707,19.776,67.89,55,0,11.77,clear sky
197,Nuuk,GL,64.1835,-51.7216,23.61,93,100,9.22,light snow
198,Saint-Francois,FR,46.4154,3.9054,44.04,87,0,6.91,clear sky
199,Ilulissat,GL,69.2167,-51.1,17.62,45,75,25.32,broken clouds
200,Nemuro,JP,43.3236,145.575,20.8,77,31,14.61,scattered clouds
201,Carauari,BR,-4.8828,-66.8958,82.9,77,98,4.27,overcast clouds
202,Ismailia,EG,30.6043,32.2723,56.32,48,10,20.67,clear sky
203,Weihe,CN,32.9952,105.3247,30.79,83,93,3.83,overcast clouds
204,Cherskiy,RU,68.75,161.3,-28.19,99,32,0.98,scattered clouds
205,Todos Santos,MX,23.45,-110.2167,73.2,54,40,6.15,scattered clouds
206,Hithadhoo,MV,-0.6,73.0833,81.75,70,95,4.36,overcast clouds
207,Hearst,CA,49.6835,-83.6665,-7.35,75,32,7.16,scattered clouds
208,Asau,RO,46.4333,26.4,29.32,79,100,1.59,overcast clouds
209,Qatana,SY,33.4354,36.0815,50.56,61,3,5.12,clear sky
210,Kribi,CM,2.95,9.9167,80.51,75,91,8.28,overcast clouds
211,Mountain Home,US,43.133,-115.6912,26.94,100,100,6.91,overcast clouds
212,Fort Nelson,CA,58.8053,-122.7002,-15.21,70,75,2.3,light snow
213,Sao Joao Da Barra,BR,-21.6403,-41.0511,80.69,88,95,11.5,overcast clouds
214,Atar,MR,20.5169,-13.0499,84.16,7,2,12.35,clear sky
215,Jumla,NP,29.2747,82.1838,35.02,96,100,7.99,snow
216,Mandera,KE,3.9366,41.867,88.59,26,22,9.35,few clouds
217,Alice Springs,AU,-23.7,133.8833,58.55,82,96,6.91,overcast clouds
218,Doka,SD,13.5167,35.7667,85.98,19,68,14.7,broken clouds
219,Torbay,CA,47.6666,-52.7314,35.38,76,75,23.02,broken clouds
220,Beni,CD,0.5,29.4667,70.27,50,97,2.68,overcast clouds
221,Vawkavysk,BY,53.1561,24.4513,19.67,98,64,4.41,broken clouds
222,Akalkot,IN,17.5333,76.2167,75.06,29,11,10.98,few clouds
223,Yaviza,PA,8.1537,-77.6931,90.45,52,66,3.06,broken clouds
224,Havre-Saint-Pierre,CA,50.2334,-63.5986,30.56,86,100,26.46,overcast clouds
225,Le Vauclin,MQ,14.5452,-60.8388,86.05,51,75,13.8,broken clouds
226,Samana,DO,19.2056,-69.3369,73.36,100,100,4.61,overcast clouds
227,Cayenne,GF,4.9333,-52.3333,78.84,90,75,1.99,light rain
228,Salalah,OM,17.0151,54.0924,75.29,73,20,0.0,few clouds
229,San Patricio,US,28.017,-97.5169,41.02,78,100,19.84,overcast clouds
230,Diapaga,BF,12.0708,1.7889,78.44,8,6,6.31,clear sky
231,Sistranda,NO,63.7256,8.834,33.76,69,100,19.13,overcast clouds
232,Rawson,AR,-43.3002,-65.1023,77.49,40,64,8.86,broken clouds
233,Seoul,KR,37.5683,126.9778,24.24,66,0,2.3,clear sky
234,Coronado,US,32.6859,-117.1831,64.96,24,0,4.61,clear sky
235,Xai-Xai,MZ,-25.0519,33.6442,79.93,72,0,12.55,clear sky
236,Warrington,GB,53.3925,-2.5802,52.32,80,40,5.01,scattered clouds
237,Darnah,LY,32.767,22.6367,52.56,72,100,30.56,overcast clouds
238,Baracoa,CU,20.3467,-74.4958,75.9,83,64,11.74,broken clouds
239,Kamenka,RU,51.3223,42.7678,32.76,100,100,5.66,snow
240,Abu Dhabi,AE,24.4667,54.3667,69.96,74,0,4.61,clear sky
241,Faanui,PF,-16.4833,-151.75,80.04,77,100,18.41,overcast clouds
242,Half Moon Bay,US,37.4636,-122.4286,61.54,64,0,8.05,mist
243,Pevek,RU,69.7008,170.3133,-14.42,86,30,1.61,scattered clouds
244,Fukuma,JP,33.7667,130.4667,39.2,47,100,8.37,overcast clouds
245,Caravelas,BR,-17.7125,-39.2481,83.91,62,88,8.9,overcast clouds
246,Beloha,MG,-25.1667,45.05,74.08,86,26,17.94,scattered clouds
247,Kasungu,MW,-13.0333,33.4833,66.96,93,24,3.27,few clouds
248,Deputatskiy,RU,69.3,139.9,-24.16,95,97,1.54,overcast clouds
249,Taquaritinga Do Norte,BR,-7.9031,-36.0442,83.66,38,100,11.23,overcast clouds
250,Viedma,AR,-40.8135,-62.9967,87.91,23,1,13.31,clear sky
251,Saint-Pierre,RE,-21.3393,55.4781,80.24,94,75,37.98,heavy intensity rain
252,Kaarina,FI,60.4072,22.369,20.77,92,0,3.44,clear sky
253,Palm Desert,US,33.7222,-116.3745,63.73,14,0,1.01,clear sky
254,Neiafu,TO,-18.65,-173.9833,80.24,83,100,24.65,moderate rain
255,Hyeres,FR,43.1167,6.1167,55.69,87,0,3.44,clear sky
256,Kudahuvadhoo,MV,2.6708,72.8944,81.55,72,100,5.3,overcast clouds
257,Sylacauga,US,33.1732,-86.2516,65.08,91,100,11.5,overcast clouds
258,Odweyne,SO,9.4092,45.064,65.77,40,10,10.74,clear sky
259,Emerald,AU,-23.5333,148.1667,73.54,83,40,6.91,scattered clouds
260,Acapulco,MX,16.8634,-99.8901,85.82,54,0,3.44,clear sky
261,Gayny,RU,60.3071,54.3241,5.83,100,100,3.29,overcast clouds
262,Kushima,JP,31.4583,131.2333,41.97,86,93,6.08,overcast clouds
263,Broome,US,42.2506,-75.833,38.01,85,100,3.0,mist
264,Yichang,CN,30.7144,111.2847,38.71,57,71,1.61,broken clouds
265,Castro,BR,-24.7911,-50.0119,75.09,78,76,3.67,broken clouds
266,Sola,VU,-13.8833,167.55,77.79,89,100,15.28,overcast clouds
267,Villa Carlos Paz,AR,-31.4241,-64.4978,81.39,54,31,6.35,light rain
268,Leh,IN,34.1667,77.5833,10.33,98,100,2.53,light snow
269,Waingapu,ID,-9.6567,120.2641,78.94,84,89,10.6,overcast clouds
270,Lebu,CL,-37.6167,-73.65,64.33,80,100,13.89,overcast clouds
271,Barranca,PE,-10.75,-77.7667,75.16,69,20,12.37,few clouds
272,Clyde River,CA,70.4692,-68.5914,-12.77,77,100,27.63,heavy snow
273,Port Macquarie,AU,-31.4333,152.9167,64.29,94,40,16.11,light rain
274,Narsaq,GL,60.9167,-46.05,23.22,97,100,8.81,snow
275,Pemangkat,ID,1.1667,108.9667,76.6,90,100,7.87,overcast clouds
276,Veisiejai,LT,54.1,23.7,26.06,98,100,4.9,overcast clouds
277,Maracacume,BR,-2.0428,-45.9592,79.72,89,100,4.79,light rain
278,Buala,SB,-8.145,159.5921,78.76,87,100,10.67,moderate rain
279,Fulton,US,33.7668,-84.4499,63.97,86,100,1.01,light rain
280,Khatanga,RU,71.9667,102.5,-33.59,100,35,2.91,scattered clouds
281,Peniche,PT,39.3558,-9.3811,57.09,80,97,4.5,overcast clouds
282,Nusaybin,TR,37.0778,41.2178,51.39,62,75,6.91,light rain
283,Gboko,NG,7.3179,8.9951,84.88,14,10,6.98,clear sky
284,Husavik,IS,66.0449,-17.3389,17.51,92,100,21.12,light snow
285,Ribeira Grande,PT,38.5167,-28.7,61.2,67,20,17.27,few clouds
286,Petropavlovsk-Kamchatskiy,RU,53.0452,158.6483,23.59,68,75,8.95,broken clouds
287,Vershino-Shakhtaminskiy,RU,51.3012,117.8868,-22.83,99,34,3.44,scattered clouds
288,Kapoeta,SS,4.7717,33.5903,86.49,29,100,2.95,overcast clouds
289,Wajima,JP,37.4,136.9,35.28,84,100,10.87,light snow
290,Chapais,CA,49.7834,-74.8492,-6.02,75,100,7.47,overcast clouds
291,Mount Gambier,AU,-37.8333,140.7667,57.11,67,100,6.91,overcast clouds
292,Muros,ES,42.7762,-9.0603,55.69,89,100,5.64,overcast clouds
293,Puerto Colombia,CO,10.9878,-74.9547,89.69,72,0,20.76,clear sky
294,Arica,CL,-18.475,-70.3042,80.15,67,2,9.82,clear sky
295,Aktau,KZ,43.65,51.2,46.98,62,43,18.37,scattered clouds
296,Marietta,US,33.9526,-84.5499,62.76,96,100,4.61,mist
297,Nieuw Amsterdam,SR,5.8833,-55.0833,80.02,84,40,6.91,scattered clouds
298,Saint-Philippe,RE,-21.3585,55.7679,80.15,93,100,39.48,heavy intensity rain
299,Salinopolis,BR,-0.6136,-47.3561,82.99,71,79,11.97,broken clouds
300,Manokwari,ID,-0.8667,134.0833,76.71,83,99,3.6,overcast clouds
301,Palmas De Monte Alto,BR,-14.2672,-43.1619,81.91,62,100,3.38,overcast clouds
302,Concarneau,FR,47.875,-3.9225,49.05,79,50,6.11,scattered clouds
303,Saldanha,ZA,-33.0117,17.9442,68.05,82,24,10.67,few clouds
304,Nouadhibou,MR,20.931,-17.0347,85.98,17,0,8.05,dust
305,Aswan,EG,24.0934,32.907,65.5,24,0,12.66,clear sky
306,Bluff,NZ,-46.6,168.3333,51.8,78,100,3.38,light rain
307,Omaruru,NA,-21.4333,15.9333,76.19,36,26,9.28,scattered clouds
308,Arlit,NE,18.7369,7.3853,63.07,14,0,13.62,clear sky
309,Bonthe,SL,7.5264,-12.505,83.62,65,2,12.59,clear sky
310,Baykit,RU,61.67,96.37,15.13,96,100,4.09,light snow
311,Touros,BR,-5.1989,-35.4608,86.9,67,69,14.61,broken clouds
312,El Retorno,CO,2.3302,-72.6276,90.82,40,100,4.92,overcast clouds
313,Kohtla-Jarve,EE,59.3986,27.2731,8.53,99,98,5.53,overcast clouds
314,Tabas,IR,33.5959,56.9244,50.61,32,100,1.43,overcast clouds
315,Alofi,NU,-19.0595,-169.9187,75.09,94,100,2.3,overcast clouds
316,Labuhan,ID,-6.8844,112.2051,76.84,88,100,8.01,overcast clouds
317,Assiniboia,CA,49.6334,-105.9845,3.02,72,100,16.11,overcast clouds
318,Kyra,RU,49.5776,111.9753,-11.58,94,6,5.55,clear sky
319,Port Hardy,CA,50.6996,-127.4199,42.76,93,100,13.8,light intensity drizzle
320,Homer,US,59.6425,-151.5483,35.49,75,100,9.22,light snow
321,Fare,PF,-16.7,-151.0167,80.62,73,9,18.05,clear sky
322,Severo-Kurilsk,RU,50.6789,156.125,29.62,87,100,8.03,light snow
323,Port Elizabeth,ZA,-33.918,25.5701,68.29,77,20,16.11,few clouds
324,Horsham,GB,51.064,-0.3272,50.02,71,40,8.05,scattered clouds
325,Whyalla,AU,-33.0333,137.5833,60.69,72,0,11.5,clear sky
326,Cururupu,BR,-1.8283,-44.8683,83.35,70,88,6.49,overcast clouds
327,Bereda,ES,43.2686,-7.5406,51.01,86,49,3.29,scattered clouds
328,Hamilton,US,39.1834,-84.5333,31.62,93,100,1.99,light snow
329,Ikongo,MG,-21.8833,47.4333,70.92,98,100,2.39,light rain
330,Xining,CN,36.6167,101.7667,14.72,52,0,2.66,clear sky
331,Chilca,PE,-12.5211,-76.7372,80.08,76,71,7.83,broken clouds
332,Puerto Escondido,MX,15.85,-97.0667,83.98,54,1,9.28,clear sky
333,Vestmannaeyjar,IS,63.4427,-20.2734,25.79,80,0,17.27,clear sky
334,Haines Junction,CA,60.7522,-137.5108,-7.65,71,100,0.0,overcast clouds
335,Miri,MY,4.4148,114.0089,77.14,100,40,2.3,scattered clouds
336,Omboue,GA,-1.5746,9.2618,77.32,83,93,4.63,overcast clouds
337,Oranjestad,AW,12.524,-70.027,85.95,66,40,20.71,scattered clouds
338,Mapiripan,CO,2.8892,-72.1256,89.76,40,100,8.59,overcast clouds
339,Teguise,ES,29.0605,-13.564,66.42,49,29,11.5,scattered clouds
340,Kupang,ID,-10.1667,123.5833,77.92,88,100,10.4,overcast clouds
341,Kruisfontein,ZA,-34.0033,24.7314,65.88,75,75,15.59,broken clouds
342,Sao Sebastiao,BR,-23.76,-45.4097,79.09,84,97,7.74,overcast clouds
343,Takoradi,GH,4.8845,-1.7554,80.85,78,3,11.59,clear sky
344,Shitanjing,CN,39.2342,106.3439,13.69,36,8,3.91,clear sky
345,Bani Walid,LY,31.7566,13.9942,52.75,77,0,7.87,clear sky
346,Bandar,ID,2.05,99.75,71.6,96,36,2.21,scattered clouds
347,Tuy Hoa,VN,13.0833,109.3,72.12,92,100,8.61,overcast clouds
348,Dunnville,CA,42.9001,-79.6163,28.11,94,100,18.12,light snow
349,Antibes,FR,43.5624,7.1278,54.99,81,75,5.75,broken clouds
350,Nasirabad,IN,26.3,74.7333,55.76,47,0,8.75,clear sky
351,Geraldton,AU,-28.7667,114.6,68.41,60,0,6.91,clear sky
352,Vao,NC,-22.6667,167.4833,79.9,84,96,16.11,light rain
353,Mangrol,IN,21.1167,70.1167,67.39,50,0,11.05,clear sky
354,Walvis Bay,NA,-22.9575,14.5053,70.09,76,0,14.09,clear sky
355,Mehamn,NO,71.0357,27.8492,24.98,93,75,9.22,broken clouds
356,Norman Wells,CA,65.282,-126.8329,-47.16,59,20,0.0,few clouds
357,Novosheshminsk,RU,55.0651,51.2338,31.73,99,100,3.09,snow
358,Luorong,CN,24.4058,109.6086,42.93,81,1,8.93,clear sky
359,Olafsvik,IS,64.8945,-23.7142,25.5,65,84,11.95,broken clouds
360,Virginia Beach,US,36.8529,-75.978,70.05,62,100,12.66,overcast clouds
361,Bururi,BI,-3.85,29.6333,58.62,91,100,2.46,light rain
362,Kambove,CD,-10.8764,26.5969,62.69,97,100,3.65,light rain
363,Porto Novo,BJ,6.4965,2.6036,84.02,69,85,6.22,overcast clouds
364,Bulgan,MN,48.8125,103.5347,-3.24,85,95,4.36,overcast clouds
365,Taybad,IR,34.74,60.7756,44.17,46,1,1.81,clear sky
366,Las Vegas,US,36.175,-115.1372,49.53,23,0,5.75,clear sky
367,Usinsk,RU,65.9939,57.5281,19.33,96,100,9.28,light snow
368,Luderitz,NA,-26.6481,15.1594,68.85,71,2,16.53,clear sky
369,Adrar,MR,20.5022,-10.0711,70.47,12,0,10.11,clear sky
370,Ketchikan,US,55.3422,-131.6461,42.78,93,100,10.36,light rain
371,Griffith,US,41.5284,-87.4237,25.3,72,100,5.01,overcast clouds
372,Sawtell,AU,-30.3833,153.1,68.32,94,100,17.27,light intensity shower rain
373,Grand Baie,MU,-20.0182,57.5802,81.07,85,100,15.99,light rain
374,Ostrovnoy,RU,68.0531,39.5131,12.79,81,100,0.89,overcast clouds
375,Hofn,IS,64.2539,-15.2082,30.7,58,100,22.28,overcast clouds
376,Rapid Valley,US,44.0625,-103.1463,29.03,63,0,5.99,clear sky
377,Bacolod,PH,10.6667,122.95,77.25,84,99,10.78,overcast clouds
378,Oktyabrskoye,RU,43.0645,44.7417,30.34,93,75,0.0,broken clouds
379,Ratnagiri,IN,16.9833,73.3,70.32,75,5,3.13,clear sky
380,Whitehorse,CA,60.7161,-135.0538,-10.43,70,100,0.0,light snow
381,Tanout,NE,14.9709,8.8879,61.39,17,0,14.56,clear sky
382,Havoysund,NO,70.9963,24.6622,25.03,77,99,14.56,overcast clouds
383,Mogadishu,SO,2.0371,45.3438,78.15,85,19,21.3,few clouds
384,Namibe,AO,-15.1961,12.1522,74.26,70,2,11.27,clear sky
385,Sestri Levante,IT,44.2732,9.3968,58.64,86,100,5.93,overcast clouds
386,Antigonish,CA,45.6169,-61.9986,44.92,96,100,7.0,overcast clouds
387,Morgan City,US,29.6994,-91.2068,73.0,100,100,13.8,mist
388,Kokemaki,FI,61.2565,22.3564,13.24,97,99,3.98,overcast clouds
389,Bayan,CN,46.0833,127.4,-15.25,100,87,4.36,overcast clouds
390,Byron Bay,AU,-28.65,153.6167,69.87,81,85,18.59,overcast clouds
391,Revelstoke,CA,50.9832,-118.2023,17.62,93,100,0.0,overcast clouds
392,Zapolyarnyy,RU,69.4154,30.8136,0.68,97,100,1.9,overcast clouds
393,Villa De Reyes,MX,21.8,-100.9333,70.07,18,2,18.41,clear sky
394,Coahuayana,MX,18.7333,-103.6833,85.48,29,0,6.93,clear sky
395,Alamor,EC,-4.0181,-80.0197,70.84,48,77,6.08,broken clouds
396,Afonso Bezerra,BR,-5.4983,-36.5056,92.28,41,95,17.02,overcast clouds
397,Port-Gentil,GA,-0.7193,8.7815,80.56,83,20,3.44,few clouds
398,Ucluelet,CA,48.9329,-125.5528,45.09,93,100,1.88,overcast clouds
399,Daru,PG,-9.0763,143.2092,76.08,88,100,8.93,overcast clouds
400,Gebre Guracha,ET,9.8,38.4,58.39,41,55,6.73,broken clouds
401,Poso,ID,-1.3959,120.7524,76.59,81,100,3.53,overcast clouds
402,Maracaibo,VE,10.6317,-71.6406,88.77,50,0,5.48,clear sky
403,Adolfo Lopez Mateos,MX,28.4667,-107.3,41.94,33,0,18.28,clear sky
404,Trairi,BR,-3.2778,-39.2689,83.75,69,100,12.37,overcast clouds
405,Roald,NO,62.5833,6.1333,47.08,75,40,14.97,scattered clouds
406,Pochutla,MX,15.7432,-96.4661,88.83,36,0,10.33,clear sky
407,Fort-Shevchenko,KZ,44.5086,50.263,44.8,89,11,21.36,few clouds
408,Bathsheba,BB,13.2167,-59.5167,84.81,58,40,17.27,scattered clouds
409,Kavaratti,IN,10.5669,72.642,79.05,70,5,6.24,clear sky
410,Mfou,CM,3.7159,11.6427,76.86,78,75,2.3,haze
411,Nakusp,CA,50.2499,-117.8023,23.47,86,100,1.14,overcast clouds
412,Safaga,EG,26.7292,33.9365,67.95,33,0,15.05,clear sky
413,Sibu,MY,2.3,111.8167,75.51,94,40,0.0,heavy intensity rain
414,Bilma,NE,18.6853,12.9164,60.08,18,0,11.34,clear sky
415,Bairiki,KI,1.3292,172.9752,80.6,94,75,5.75,light rain
416,Constantine,DZ,36.365,6.6147,51.21,37,0,5.75,clear sky
417,Daur,PK,26.4583,68.3192,60.71,22,0,6.93,clear sky
418,Suileng,CN,47.25,127.0833,-22.36,100,68,4.09,broken clouds
419,Kismayo,SO,-0.3582,42.5454,78.85,86,100,14.52,overcast clouds
420,Pesochnoye,RU,58.006,39.1772,19.2,97,100,1.34,overcast clouds
421,Pakxan,LA,18.3778,103.6601,64.38,84,14,4.9,few clouds
422,Bayburt,TR,40.2589,40.2278,24.28,89,100,2.84,light snow
423,Anadyr,RU,64.75,177.4833,12.7,62,100,35.79,overcast clouds
424,Magistralnyy,RU,56.1725,107.4458,-1.43,99,100,3.29,overcast clouds
425,Codrington,AU,-38.2667,141.9667,59.16,70,100,12.35,overcast clouds
426,Am Timan,TD,11.0297,20.2827,77.88,12,8,7.9,clear sky
427,Taltal,CL,-25.4,-70.4833,71.11,62,22,8.72,few clouds
428,Fatezh,RU,52.0891,35.8632,24.78,99,100,2.66,snow
429,Nagaur,IN,27.2,73.7333,58.73,41,0,7.54,clear sky
430,Vestmanna,FO,62.1564,-7.1664,36.52,70,75,25.32,broken clouds
431,Corsicana,US,32.0954,-96.4689,27.25,88,100,5.01,snow
432,Tautira,PF,-17.7333,-149.15,84.22,67,0,14.32,clear sky
433,Foam Lake,CA,51.65,-103.5343,-7.58,85,100,6.02,overcast clouds
434,Arona,ES,28.0996,-16.681,66.9,52,20,1.01,few clouds
435,Dedougou,BF,12.4667,-3.4667,79.77,10,6,6.35,clear sky
436,Santa Maria Del Oro,MX,25.9333,-105.3667,61.84,27,0,21.39,clear sky
437,Xichang,CN,27.8964,102.2634,40.53,84,85,0.74,overcast clouds
438,Necochea,AR,-38.5473,-58.7368,78.04,56,100,14.88,overcast clouds
439,Kiunga,PG,-6.1219,141.2906,71.55,92,99,2.3,overcast clouds
440,Camocim,BR,-2.9022,-40.8411,82.99,72,100,15.93,overcast clouds
441,Novomykolayivka,UA,47.9781,35.9102,33.26,96,100,7.31,overcast clouds
442,Baker City,US,44.7749,-117.8344,27.93,80,100,0.0,overcast clouds
443,Hasaki,JP,35.7333,140.8333,32.4,48,17,12.39,few clouds
444,Zolotonosha,UA,49.6689,32.0377,25.18,91,100,16.4,overcast clouds
445,San Lorenzo,PY,-25.3333,-57.5333,99.54,37,75,8.05,broken clouds
446,Ponazyrevo,RU,58.3578,46.3142,8.46,99,100,2.15,overcast clouds
447,Iranshahr,IR,27.2025,60.6848,57.54,28,0,0.0,clear sky
448,Aklavik,CA,68.2191,-135.0107,-18.4,69,75,3.44,broken clouds
449,Praia,CV,14.9215,-23.5087,82.94,44,0,14.97,clear sky
450,San Borja,BO,-14.8167,-66.85,87.94,62,69,4.52,broken clouds
451,Eureka,US,40.8021,-124.1637,50.2,81,100,3.0,overcast clouds
452,Grand Gaube,MU,-20.0064,57.6608,81.0,85,100,17.0,light rain
453,Manzhouli,CN,49.6,117.4333,-15.77,92,9,6.91,clear sky
454,Belyy Yar,RU,53.6039,91.3903,-16.15,88,20,2.24,mist
455,Nakambala,ZM,-15.8324,27.7799,68.49,93,27,4.34,scattered clouds
456,Alannay,PH,18.0574,121.5776,68.47,96,5,0.94,clear sky
457,Jangipur,IN,24.4667,88.0667,66.11,53,6,8.79,clear sky
458,Shenzhen,CN,22.5455,114.0683,56.21,92,99,7.85,overcast clouds
459,Maragogi,BR,-9.0122,-35.2225,83.84,59,59,12.17,broken clouds
460,Stornoway,GB,58.2093,-6.3865,37.36,84,40,4.0,scattered clouds
461,Snasa,NO,64.2457,12.3778,24.21,92,100,10.45,snow
462,Okhotsk,RU,59.3833,143.3,1.96,76,73,18.07,broken clouds
463,Saint-Denis,FR,48.9167,2.3333,47.17,82,100,3.0,overcast clouds
464,Horizontina,BR,-27.6258,-54.3078,90.84,39,61,5.1,broken clouds
465,Laem Sing,TH,12.4816,102.0738,84.15,81,97,0.47,overcast clouds
466,Dezhou,CN,37.4486,116.2925,26.6,43,50,6.91,scattered clouds
467,Khandyga,RU,62.6667,135.6,-28.12,99,100,1.25,overcast clouds
468,Sao Felix Do Xingu,BR,-6.6447,-51.995,89.08,54,6,4.47,clear sky
469,Mangai,CD,-4.05,19.5333,67.6,97,100,1.88,overcast clouds
470,Sloboda,RU,51.1421,40.3021,31.19,99,100,7.49,light snow
471,Grindavik,IS,63.8424,-22.4338,25.27,80,75,13.8,broken clouds
472,Yulara,AU,-25.2406,130.9889,62.44,59,81,8.05,broken clouds
473,San Cristobal,VE,7.7669,-72.225,84.38,33,90,6.35,overcast clouds
474,Borkenes,NO,68.774,16.1739,22.57,100,37,10.2,scattered clouds
475,Richards Bay,ZA,-28.783,32.0377,79.54,87,78,9.57,broken clouds
476,Henties Bay,NA,-22.116,14.2845,69.85,80,0,11.79,clear sky
477,Lahan,NP,26.7296,86.4951,63.09,49,100,5.26,overcast clouds
478,Uribia,CO,11.7139,-72.266,91.29,40,0,20.09,clear sky
479,Port Lincoln,AU,-34.7333,135.8667,61.7,73,61,15.1,broken clouds
480,Naze,JP,28.3667,129.4833,55.69,77,100,16.22,overcast clouds
481,Vila,PT,42.0304,-8.1588,46.33,83,100,3.15,overcast clouds
482,Campbell River,CA,50.0163,-125.2446,36.93,99,100,1.52,overcast clouds
483,Kysyl-Syr,RU,63.8986,122.7617,-30.75,100,74,3.58,broken clouds
484,Nyimba,ZM,-14.5566,30.8149,71.02,92,80,3.83,broken clouds
485,Olinda,BR,-8.0089,-34.8553,83.93,70,40,12.66,scattered clouds
486,Ugra,RU,54.7777,34.3267,14.38,99,99,3.98,overcast clouds
487,Shingu,JP,33.7333,135.9833,41.92,74,65,6.96,broken clouds
488,Riyadh,SA,24.6877,46.7219,66.34,33,0,12.55,clear sky
489,Sandpoint,US,48.2766,-116.5533,26.62,83,100,0.0,overcast clouds
490,Tambilil,PH,5.9622,124.6697,77.07,72,95,2.62,overcast clouds
491,Chute-Aux-Outardes,CA,49.1168,-68.399,16.11,57,100,5.75,overcast clouds
492,Quatre Cocos,MU,-20.2078,57.7625,80.71,91,100,24.81,moderate rain
493,Cap Malheureux,MU,-19.9842,57.6142,81.09,85,100,17.0,light rain
494,Westport,US,41.1415,-73.3579,45.07,96,100,1.01,mist
495,Marsa Matruh,EG,31.3525,27.2453,53.8,54,0,21.85,clear sky
496,Roma,US,43.2128,-75.4557,38.95,91,100,9.22,snow
497,Vila Franca Do Campo,PT,37.7167,-25.4333,62.2,80,48,12.91,scattered clouds
498,Keningau,MY,5.3378,116.1602,73.85,98,100,2.33,overcast clouds
499,Tabatinga,BR,-4.2525,-69.9381,78.89,89,75,2.3,moderate rain
500,Barra,BR,-11.0894,-43.1417,89.69,37,37,4.27,scattered clouds
501,Kozachi Laheri,UA,46.7037,32.9776,32.9,80,100,12.93,overcast clouds
502,Camacha,PT,33.0833,-16.3333,64.53,82,40,9.22,scattered clouds
503,Mayo,US,38.8876,-76.5119,52.25,96,100,3.44,mist
504,Mareeba,AU,-17.0,145.4333,72.48,96,100,7.0,light rain
505,Lagoa,PT,39.05,-27.9833,57.54,74,100,13.13,overcast clouds
506,Smoky Lake,CA,54.1169,-112.4686,-3.51,77,100,5.75,overcast clouds
507,Mount Isa,AU,-20.7333,139.5,73.17,40,100,13.8,overcast clouds
508,Mirador,BR,-6.3708,-44.3631,86.31,59,100,0.98,overcast clouds
509,Kutum,SD,14.2,24.6667,67.84,12,50,15.55,scattered clouds
510,Tefe,BR,-3.3542,-64.7114,86.11,79,40,5.75,scattered clouds
511,Kaiyuan,CN,23.6977,103.3037,46.58,93,0,4.29,clear sky
512,Kalach-Na-Donu,RU,48.691,43.5264,34.92,100,100,5.19,light snow
513,Santa Cruz De Tenerife,ES,28.4682,-16.2546,73.72,57,0,1.99,clear sky
514,Aller,ES,43.1187,-5.5839,47.7,91,100,0.65,overcast clouds
515,Marsabit,KE,2.3284,37.9899,76.64,31,100,13.27,overcast clouds
516,Nola,IT,40.922,14.5329,51.58,59,15,3.0,few clouds
517,Lanzhou,CN,36.0564,103.7922,13.28,39,10,2.35,clear sky
518,Damghan,IR,36.1683,54.348,42.75,48,100,3.22,overcast clouds
519,Calbuco,CL,-41.768,-73.1273,61.25,87,52,11.3,broken clouds
520,Bandarbeyla,SO,9.4942,50.8122,75.94,64,0,18.32,clear sky
521,Sibolga,ID,1.7427,98.7792,74.88,88,20,3.67,few clouds
522,Punta Alta,AR,-38.8759,-62.0736,95.77,24,40,13.8,scattered clouds
523,Pinega,RU,64.7001,43.3936,0.84,100,90,1.43,overcast clouds
524,Union,US,40.6334,-74.2663,46.81,99,100,0.0,mist
525,Nandu,CN,22.8525,110.8233,46.38,95,2,4.41,clear sky
526,Bardiyah,LY,31.7561,25.0865,53.13,83,100,29.15,overcast clouds
527,Zhigalovo,RU,54.8097,105.1578,-0.83,98,100,1.25,overcast clouds
528,Praia Da Vitoria,PT,38.7333,-27.0667,61.75,88,40,12.64,scattered clouds
529,Charcas,MX,23.1333,-101.1167,68.14,21,100,23.35,overcast clouds
530,Lata,PT,40.1629,-8.3327,55.81,90,100,1.86,overcast clouds
531,Kano,NG,12.0001,8.5167,71.49,26,0,5.75,clear sky
532,Asyut,EG,27.181,31.1837,59.18,41,1,8.7,clear sky
533,Manono,CD,-7.3,27.4167,69.82,97,100,2.93,moderate rain
534,Suntar,RU,62.1444,117.6319,-26.18,100,85,1.61,overcast clouds
535,Almaty,KZ,43.25,76.95,21.11,93,100,4.47,fog
536,Chinhoyi,ZW,-17.3667,30.2,66.33,92,38,1.57,light rain
537,Constitucion,CL,-35.3333,-72.4167,67.86,66,10,7.78,clear sky
538,Talnakh,RU,69.4865,88.3972,-13.36,99,100,6.8,overcast clouds
539,Saint Anthony,US,45.0205,-93.218,4.66,55,0,1.99,clear sky
540,Dibulla,CO,11.2725,-73.3091,89.62,58,42,12.55,scattered clouds
541,Port Said,EG,31.2565,32.2841,58.98,55,0,16.11,clear sky
542,Katangli,RU,51.7102,143.2326,5.76,93,100,18.28,light snow
543,Shelburne,CA,44.0787,-80.2041,16.23,67,100,14.41,overcast clouds
544,Phuket,TH,8.0,98.25,77.22,88,20,2.3,few clouds
545,Tiarei,PF,-17.5333,-149.3333,84.22,70,0,16.42,clear sky
546,Amahai,ID,-3.3333,128.9167,77.54,83,100,4.09,overcast clouds
547,Beyneu,KZ,45.3167,55.2,36.37,69,35,21.23,scattered clouds
548,Bagdarin,RU,54.4333,113.6,-15.36,95,83,4.21,broken clouds
549,Jishou,CN,28.3167,109.7167,42.48,83,100,2.26,overcast clouds
550,Dhidhdhoo,MV,6.8833,73.1,80.62,72,7,4.12,clear sky
551,Chara,RU,56.9064,118.2631,-23.1,90,83,0.51,broken clouds
552,Tecoanapa,MX,16.5167,-98.75,81.12,60,0,10.29,clear sky
553,Mtimbira,TZ,-8.7833,36.35,73.51,96,61,2.62,moderate rain
554,Bealanana,MG,-14.55,48.7333,64.53,97,100,3.58,overcast clouds
555,Pampa,US,35.5362,-100.9599,9.57,85,75,21.85,snow
556,Hammerfest,NO,70.6634,23.6821,24.53,68,0,9.22,clear sky
557,Kuala Terengganu,MY,5.3302,103.1408,80.55,89,40,5.75,scattered clouds
558,Tual,ID,-5.6667,132.75,82.15,77,95,14.56,overcast clouds
559,Kholmy,UA,51.871,32.6006,23.5,94,99,12.06,overcast clouds
560,Birao,CF,10.2849,22.7882,78.28,16,10,3.02,clear sky
561,Plettenberg Bay,ZA,-34.0527,23.3716,66.11,79,100,9.06,overcast clouds
562,Berbera,SO,10.4396,45.0143,76.21,62,0,3.96,clear sky
563,Road Town,VG,18.4167,-64.6167,82.44,69,40,6.91,scattered clouds
564,Wanaka,NZ,-44.7,169.15,51.12,94,100,5.32,light rain
565,Black River,JM,18.0264,-77.8487,82.98,61,8,9.71,clear sky
566,Wamba,NG,8.9333,8.6,77.81,16,12,0.56,few clouds
567,Sisimiut,GL,66.9395,-53.6735,17.02,81,100,15.59,overcast clouds
568,Bonavista,CA,48.6499,-53.1147,37.11,81,100,25.03,overcast clouds
569,Drumnadrochit,GB,57.3344,-4.4799,40.69,97,100,10.51,overcast clouds
570,Okha,RU,53.5739,142.9478,3.67,93,100,23.26,light snow
571,San Quintin,MX,30.4833,-115.95,60.44,45,0,8.61,clear sky
572,Kalmunai,LK,7.4167,81.8167,74.93,78,0,2.15,clear sky
573,Airai,TL,-8.9266,125.4092,60.89,94,100,2.75,overcast clouds
574,Fenoarivo,MG,-18.933,47.4354,71.67,53,75,2.3,light rain
575,Acarau,BR,-2.8856,-40.12,84.38,68,84,17.72,broken clouds
576,Nanakuli,US,21.3906,-158.1547,74.71,73,0,4.61,clear sky
577,Lindi,TZ,-10.0,39.7167,76.21,94,28,4.23,moderate rain
578,Ancud,CL,-41.8697,-73.8203,65.73,87,73,6.15,light rain
579,Monrovia,LR,6.3005,-10.7969,87.57,78,52,8.79,broken clouds
580,Puerto Quijarro,BO,-17.7833,-57.7667,83.23,87,100,4.45,moderate rain
581,Dezful,IR,32.3811,48.4058,61.92,36,92,6.02,overcast clouds
582,San Antonio,US,29.4241,-98.4936,32.45,85,100,8.01,overcast clouds
583,Mingaora,PK,34.7758,72.3625,39.78,46,0,5.75,clear sky
584,Sokoto,NG,13.0609,5.239,72.95,12,0,11.32,clear sky
585,Brae,GB,60.3964,-1.353,40.91,69,100,29.44,overcast clouds
586,Paso De Los Toros,UY,-32.8167,-56.5167,88.63,43,100,9.64,overcast clouds
587,Taksimo,RU,56.3444,114.8794,-13.83,93,89,1.88,overcast clouds
588,Kota Kinabalu,MY,5.9749,116.0724,76.98,94,20,4.61,few clouds
589,Teya,RU,60.3778,92.6267,15.4,89,100,9.53,overcast clouds
590,Sapa,PH,5.1544,120.3241,78.87,76,100,2.86,overcast clouds
591,Kargasok,RU,59.0556,80.8572,9.59,97,70,7.87,broken clouds
592,Dharchula,IN,29.85,80.5333,43.0,98,100,0.85,overcast clouds
593,Novo Aripuana,BR,-5.1206,-60.3797,88.02,56,53,3.94,broken clouds
594,Oussouye,SN,12.485,-16.5469,93.38,55,0,8.79,clear sky
595,Filadelfia,US,39.9523,-75.1638,48.22,90,100,0.0,mist
596,Awjilah,LY,29.1081,21.2869,54.55,57,9,17.94,clear sky
597,Togur,RU,58.3631,82.8265,10.92,97,100,6.71,overcast clouds
598,Zverinogolovskoye,RU,54.4586,64.8542,21.4,83,100,17.38,overcast clouds
599,Makakilo City,US,21.3469,-158.0858,73.29,69,0,4.61,clear sky
600,Zharkent,KZ,44.1628,80.0,25.16,72,100,3.8,overcast clouds
601,Olga,RU,43.7444,135.2892,9.28,59,4,13.76,clear sky
602,Wichita Falls,US,33.9137,-98.4934,18.41,78,40,18.41,scattered clouds
603,Skegness,GB,53.1436,0.3363,50.77,84,100,17.52,overcast clouds
604,Santa Maria,BR,-29.6842,-53.8069,81.7,57,75,17.27,thunderstorm
605,Turayf,SA,31.6725,38.6637,53.85,54,0,6.91,clear sky
606,Morondava,MG,-20.2833,44.2833,82.4,79,9,11.54,light rain
607,Fort Smith,US,35.3859,-94.3986,24.84,85,100,3.0,light snow
608,Talara,PE,-4.5772,-81.2719,86.76,48,0,16.11,clear sky
609,Maningrida,AU,-12.0667,134.2667,77.83,84,100,10.27,overcast clouds
610,Umm Lajj,SA,25.0213,37.2685,69.89,57,0,3.62,clear sky
611,Losinyy,RU,57.1386,61.0666,25.86,95,100,8.41,overcast clouds
612,Ulety,RU,51.3572,112.4849,-14.64,99,62,3.56,broken clouds
613,Botshabelo,ZA,-29.2702,26.7052,67.37,79,36,4.81,light rain
614,Cochrane,CA,51.1834,-114.4687,12.76,67,75,5.75,broken clouds
615,Kloulklubed,PW,7.0419,134.2556,82.96,76,67,16.08,broken clouds
616,Ayan,RU,56.45,138.1667,-3.03,72,100,14.5,overcast clouds
617,Angoche,MZ,-16.2325,39.9086,79.3,79,82,5.59,broken clouds
618,Armidale,AU,-30.5167,151.65,52.81,92,70,6.87,broken clouds
619,Oktyabrskiy,RU,54.4815,53.471,32.61,98,100,9.71,light snow
620,Pangnirtung,CA,66.1451,-65.7125,1.4,85,100,17.27,light snow
621,Boa Vista,BR,2.8197,-60.6733,89.58,43,75,11.5,broken clouds
622,Bundaberg,AU,-24.85,152.35,72.21,93,100,5.01,overcast clouds
623,Dwarka,IN,22.2394,68.9678,69.66,47,0,9.35,clear sky
624,Ondjiva,AO,-17.0667,15.7333,81.95,30,100,2.89,overcast clouds
625,Vertientes,CU,21.2594,-78.1464,84.81,50,100,13.73,overcast clouds
626,Gongzhuling,CN,43.5008,124.8198,3.63,71,0,7.61,clear sky
627,Alyangula,AU,-13.8483,136.4192,84.07,74,100,12.66,overcast clouds
628,Margina,RO,45.85,22.2667,26.15,92,10,2.73,clear sky
629,Kijang,KR,35.2442,129.2139,31.73,27,92,5.93,overcast clouds
630,Kamaishi,JP,39.2667,141.8833,29.07,64,31,8.9,scattered clouds
631,Gwanda,ZW,-20.9333,29.0,77.56,43,0,5.68,clear sky
632,Samarai,PG,-10.6167,150.6667,79.77,80,100,8.66,overcast clouds
633,Novita,CO,4.9551,-76.6053,81.37,86,60,3.24,broken clouds
634,Redmond,US,47.674,-122.1215,46.36,88,100,5.99,overcast clouds
635,Hato Mayor,DO,18.7629,-69.256,81.91,79,76,12.5,broken clouds
636,Izsak,HU,46.8045,19.3517,33.94,64,100,5.53,overcast clouds
637,Krasnyy Chikoy,RU,50.3643,108.7512,-8.32,100,100,2.21,overcast clouds
638,Hobyo,SO,5.3505,48.5268,77.56,72,14,19.04,few clouds
639,Lusaka,ZM,-15.4067,28.2871,65.5,94,93,4.12,overcast clouds
640,Pontes E Lacerda,BR,-15.2261,-59.3353,82.27,83,47,6.38,scattered clouds
641,Ostersund,SE,63.1792,14.6357,17.62,92,100,16.11,overcast clouds
642,Cacoal,BR,-11.4386,-61.4472,75.81,93,100,4.38,overcast clouds
643,Kieta,PG,-6.2167,155.6333,77.52,90,100,6.89,moderate rain
644,Humaita,BR,-7.5061,-63.0208,80.06,84,97,4.27,moderate rain
645,Zhuhai,CN,22.2769,113.5678,56.05,82,40,17.27,scattered clouds
646,North Vernon,US,39.0062,-85.6236,28.76,89,100,17.76,snow
647,Zhovtneve,UA,50.6637,24.2492,28.44,94,100,4.47,overcast clouds
648,Chitrakonda,IN,18.1167,82.0833,62.73,92,26,4.9,scattered clouds
649,Scotts Valley,US,37.0511,-122.0147,62.19,43,93,1.99,overcast clouds
650,Ivot,RU,53.6756,34.1872,25.0,96,100,6.38,light snow
651,Kuusamo,FI,65.9667,29.1833,-5.76,77,100,1.14,overcast clouds
652,Auki,SB,-8.7676,160.7034,77.47,88,100,4.34,overcast clouds
653,Marsh Harbour,BS,26.5412,-77.0636,73.96,65,21,20.47,few clouds
654,Coihaique,CL,-45.5752,-72.0662,72.21,52,75,8.05,broken clouds
655,Terrak,NO,65.087,12.3715,26.62,75,100,16.42,light snow
656,Korla,CN,41.7597,86.1469,26.15,49,100,6.35,overcast clouds
657,Deda,RO,46.9333,24.9,26.96,98,98,0.56,overcast clouds
658,Ballina,AU,-28.8667,153.5667,68.04,82,100,10.36,overcast clouds
659,Moussoro,TD,13.6408,16.4901,69.51,11,7,11.32,clear sky
660,Mikun,RU,62.3547,50.0771,15.33,97,100,3.33,overcast clouds
661,Castrillon,ES,43.3979,-6.7922,50.54,87,67,3.8,broken clouds
662,Goderich,CA,43.7501,-81.7165,19.9,67,100,14.97,overcast clouds
663,At-Bashi,KG,41.1702,75.8106,0.86,82,77,3.33,broken clouds
664,Nagapattinam,IN,10.7667,79.8333,73.29,71,6,6.8,clear sky
665,Aksha,RU,50.2814,113.2867,-14.78,98,25,3.65,scattered clouds
666,Wentzville,US,38.8114,-90.8529,19.87,87,100,4.0,snow
667,Figeac,FR,44.75,1.9167,42.55,93,100,1.59,overcast clouds
668,Lypnyazhka,UA,48.4469,31.0761,26.24,88,100,15.95,overcast clouds
669,Marienburg,PL,54.0359,19.0266,37.11,97,100,8.43,light rain
670,Kikwit,CD,-5.041,18.8162,67.84,98,98,1.83,overcast clouds
671,Boende,CD,-0.2167,20.8667,71.08,71,100,3.24,overcast clouds
672,Bressanone,IT,46.715,11.656,44.26,95,94,0.87,overcast clouds
673,Flin Flon,CA,54.7682,-101.865,-22.16,69,40,2.3,scattered clouds
674,Myitkyina,MM,25.3833,97.4,52.56,80,30,3.29,scattered clouds
675,Naryan-Mar,RU,67.6713,53.087,-1.61,100,97,4.5,overcast clouds
676,Faya,SA,18.3851,42.4509,59.11,71,7,3.51,clear sky
677,Pacific Grove,US,36.6177,-121.9166,64.56,57,0,1.01,clear sky
678,Kindersley,CA,51.4668,-109.1682,-2.42,71,75,24.16,broken clouds
679,Fonte Boa,BR,-2.4959,-66.2662,83.52,64,95,6.33,overcast clouds
680,Beringovskiy,RU,63.05,179.3167,0.57,78,100,21.32,overcast clouds
681,Nizhniy Odes,RU,63.6445,54.856,13.77,98,99,4.29,overcast clouds
682,Liverpool,GB,53.4106,-2.9779,52.14,82,40,5.99,scattered clouds
683,Save,BJ,8.0425,2.486,87.71,14,9,1.7,clear sky
684,Kampot,KH,10.6167,104.1833,78.85,80,19,5.17,few clouds
685,Soyo,AO,-6.1349,12.3689,80.65,73,67,6.76,broken clouds
686,Zhangjiakou,CN,40.81,114.8794,6.55,65,12,8.16,snow
687,Fairbanks,US,64.8378,-147.7164,-14.8,62,0,5.75,clear sky
688,Machali,CL,-34.1833,-70.6667,83.88,30,72,8.01,broken clouds
689,Gaffney,US,35.0718,-81.6498,54.99,91,100,1.7,overcast clouds
690,Paraibano,BR,-6.4331,-43.9836,88.45,52,98,4.25,overcast clouds
691,Gat,IL,31.61,34.7642,57.4,100,6,15.05,clear sky
692,Innisfail,AU,-17.5333,146.0333,76.14,96,100,6.38,moderate rain
693,Upata,VE,8.0086,-62.3989,85.19,36,66,6.33,broken clouds
694,Rusape,ZW,-18.5278,32.1284,66.63,82,91,4.85,overcast clouds
